insert into resources values(60, 0, 0, 0, 0, 0, 0);
insert into resources values(75, 0, 0, 0, 0, 0, 0);
insert into resources values(100, 0, 0, 0, 0, 0, 0);
insert into resources values(150, 0, 0, 0, 0, 0, 0);
insert into resources values(200, 0, 0, 0, 0, 0, 0);
insert into resources values(240, 0, 0, 0, 0, 0, 0);
insert into resources values(300, 0, 0, 0, 0, 0, 0);
insert into resources values(400, 0, 0, 0, 0, 0, 0);
insert into resources values(450, 0, 0, 0, 0, 0, 0);
insert into resources values(1000, 0, 0, 0, 0, 0, 0);
insert into resources values(1200, 0, 0, 0, 0, 0, 0);
insert into resources values(3000, 0, 0, 1, 0, 0, 0);
insert into resources values(5000, 0, 0, 3, 0, 0, 0);
insert into resources values(70, 0, 0, 0, 0, 0, 0);
insert into resources values(90, 0, 0, 0, 0, 0, 0);
insert into resources values(120, 0, 0, 0, 0, 0, 0);
insert into resources values(225, 0, 0, 0, 0, 0, 0);
insert into resources values(250, 0, 0, 0, 0, 0, 0);
insert into resources values(275, 0, 0, 0, 0, 0, 0);
insert into resources values(350, 0, 0, 0, 0, 0, 0);
insert into resources values(425, 0, 0, 0, 0, 0, 0);
insert into resources values(850, 0, 0, 0, 0, 0, 0);
insert into resources values(950, 0, 0, 0, 0, 0, 0);
insert into resources values(2400, 0, 0, 0, 0, 0, 1);
insert into resources values(4000, 0, 0, 0, 0, 0, 2);
insert into resources values(30, 0, 0, 0, 0, 0, 0);
insert into resources values(40, 0, 0, 0, 0, 0, 0);
insert into resources values(130, 0, 0, 0, 0, 0, 0);
insert into resources values(160, 0, 0, 0, 0, 0, 0);
insert into resources values(550, 0, 0, 0, 0, 0, 0);
insert into resources values(600, 0, 0, 0, 0, 0, 0);
insert into resources values(1100, 0, 0, 0, 0, 0, 0);
insert into resources values(1600, 0, 0, 0, 0, 0, 0);
insert into resources values(2000, 0, 0, 1, 0, 0, 0);
insert into resources values(5000, 0, 0, 2, 0, 0, 0);
insert into resources values(50, 0, 0, 0, 0, 0, 0);
insert into resources values(125, 0, 0, 0, 0, 0, 0);
insert into resources values(175, 0, 0, 0, 0, 0, 0);
insert into resources values(270, 0, 0, 0, 0, 0, 0);
insert into resources values(500, 0, 0, 0, 0, 0, 0);
insert into resources values(700, 0, 0, 0, 0, 0, 0);
insert into resources values(900, 0, 0, 0, 0, 0, 0);
insert into resources values(2700, 0, 0, 0, 0, 1, 0);
insert into resources values(4500, 0, 0, 0, 0, 2, 0);
insert into resources values(230, 0, 0, 0, 0, 0, 0);
insert into resources values(360, 0, 0, 0, 0, 0, 0);
insert into resources values(1500, 0, 0, 0, 0, 0, 0);
insert into resources values(1800, 0, 0, 0, 0, 0, 0);
insert into resources values(3000, 0, 0, 0, 0, 1, 0);
insert into resources values(65, 0, 0, 0, 0, 0, 0);
insert into resources values(170, 0, 0, 0, 0, 0, 0);
insert into resources values(280, 0, 0, 0, 0, 0, 0);
insert into resources values(330, 0, 0, 0, 0, 0, 0);
insert into resources values(575, 0, 0, 0, 0, 0, 0);
insert into resources values(1050, 0, 0, 0, 0, 0, 0);
insert into resources values(2500, 0, 0, 0, 1, 0, 0);
insert into resources values(4000, 0, 0, 0, 2, 0, 0);
insert into resources values(140, 0, 0, 0, 0, 0, 0);
insert into resources values(165, 0, 0, 0, 0, 0, 0);
insert into resources values(750, 0, 0, 0, 0, 0, 0);
insert into resources values(3000, 0, 0, 0, 0, 0, 1);
insert into resources values(110, 0, 0, 0, 0, 0, 0);
insert into resources values(220, 0, 0, 0, 0, 0, 0);
insert into resources values(325, 0, 0, 0, 0, 0, 0);
insert into resources values(525, 0, 0, 0, 0, 0, 0);
insert into resources values(800, 0, 0, 0, 0, 0, 0);
insert into resources values(2200, 0, 0, 0, 0, 0, 0);
insert into resources values(3500, 0, 0, 0, 1, 0, 0);
insert into resources values(25, 0, 0, 0, 0, 0, 0);
insert into resources values(375, 0, 0, 0, 0, 0, 0);
insert into resources values(2000, 0, 0, 0, 0, 1, 0);
insert into resources values(10, 0, 0, 0, 0, 0, 0);
insert into resources values(10000, 0, 0, 8, 0, 0, 0);
insert into resources values(15000, 0, 0, 0, 14, 0, 0);
insert into resources values(20000, 0, 0, 0, 0, 0, 10);
insert into resources values(30000, 0, 0, 0, 0, 20, 0);
insert into resources values(500, 0, 10, 0, 0, 0, 0);
insert into resources values(1000, 0, 5, 0, 0, 0, 0);
insert into resources values(1000, 5, 5, 0, 0, 0, 0);
insert into resources values(2000, 0, 5, 0, 0, 0, 0);
insert into resources values(2000, 0, 5, 0, 0, 0, 5);
insert into resources values(3000, 5, 5, 2, 2, 2, 2);
insert into resources values(1000, 2, 2, 2, 2, 2, 2);
insert into resources values(5000, 20, 0, 0, 0, 0, 0);
insert into resources values(3000, 10, 0, 0, 0, 0, 0);
insert into resources values(20000, 0, 0, 10, 10, 10, 10);
insert into resources values(500, 5, 0, 0, 0, 0, 0);
insert into resources values(1000, 5, 0, 0, 0, 0, 0);
insert into resources values(1500, 10, 0, 0, 0, 0, 0);
insert into resources values(2000, 0, 0, 0, 0, 0, 10);
insert into resources values(2000, 0, 0, 0, 0, 0, 5);
insert into resources values(2500, 0, 0, 0, 0, 0, 0);
insert into resources values(4000, 5, 5, 10, 0, 0, 0);
insert into resources values(3000, 0, 0, 5, 0, 0, 0);
insert into resources values(10000, 0, 30, 0, 0, 0, 20);
insert into resources values(20000, 0, 30, 0, 0, 0, 20);
insert into resources values(300, 5, 5, 0, 0, 0, 0);
insert into resources values(1000, 0, 10, 0, 0, 0, 0);
insert into resources values(1500, 0, 5, 0, 0, 0, 0);
insert into resources values(2000, 5, 5, 0, 0, 0, 0);
insert into resources values(2000, 5, 5, 0, 0, 5, 0);
insert into resources values(2500, 5, 5, 5, 5, 5, 5);
insert into resources values(2000, 5, 0, 0, 0, 0, 0);
insert into resources values(3000, 5, 5, 6, 0, 0, 6);
insert into resources values(4000, 5, 5, 2, 2, 2, 2);
insert into resources values(3000, 0, 0, 3, 3, 3, 3);
insert into resources values(5000, 10, 10, 10, 0, 0, 0);
insert into resources values(25000, 5, 5, 30, 0, 0, 0);
insert into resources values(1000, 0, 0, 0, 0, 5, 0);
insert into resources values(1500, 0, 0, 0, 5, 0, 0);
insert into resources values(3000, 0, 0, 0, 0, 0, 0);
insert into resources values(3000, 0, 0, 0, 5, 5, 0);
insert into resources values(4000, 0, 10, 3, 3, 3, 0);
insert into resources values(3000, 0, 5, 5, 5, 5, 0);
insert into resources values(15000, 10, 10, 0, 0, 20, 0);
insert into resources values(20000, 5, 5, 0, 0, 20, 0);
insert into resources values(400, 5, 5, 0, 0, 0, 0);
insert into resources values(1500, 5, 5, 0, 0, 0, 0);
insert into resources values(1500, 0, 0, 0, 0, 5, 0);
insert into resources values(2000, 10, 0, 10, 0, 0, 10);
insert into resources values(2000, 0, 10, 0, 10, 0, 0);
insert into resources values(2000, 0, 5, 0, 5, 0, 0);
insert into resources values(6000, 10, 10, 0, 0, 0, 0);
insert into resources values(10000, 5, 5, 5, 5, 5, 5);
insert into resources values(15000, 5, 5, 0, 0, 20, 0);
insert into resources values(400, 10, 0, 0, 0, 0, 0);
insert into resources values(1000, 0, 0, 0, 2, 0, 2);
insert into resources values(1000, 1, 1, 1, 1, 1, 1);
insert into resources values(2000, 5, 10, 0, 0, 0, 0);
insert into resources values(1500, 5, 0, 0, 0, 0, 0);
insert into resources values(4000, 0, 10, 10, 0, 0, 0);
insert into resources values(3000, 0, 5, 5, 0, 0, 0);
insert into resources values(5000, 5, 5, 0, 5, 5, 0);
insert into resources values(3000, 5, 5, 0, 5, 5, 0);
insert into resources values(15000, 15, 15, 0, 20, 0, 0);
insert into resources values(200, 5, 5, 0, 0, 0, 0);
insert into resources values(1000, 10, 5, 0, 0, 0, 0);
insert into resources values(1000, 2, 2, 0, 0, 0, 0);
insert into resources values(2000, 20, 0, 0, 0, 0, 0);
insert into resources values(2000, 5, 5, 5, 0, 0, 0);
insert into resources values(2500, 0, 10, 0, 0, 0, 0);
insert into resources values(3500, 0, 20, 0, 0, 0, 20);
insert into resources values(3000, 5, 5, 0, 0, 0, 0);
insert into resources values(10000, 10, 10, 0, 0, 0, 10);
insert into resources values(15000, 10, 10, 0, 0, 0, 20);
insert into resources values(1000, 10, 0, 0, 0, 0, 0);
insert into resources values(1000, 5, 0, 0, 2, 2, 0);
insert into resources values(1000, 0, 0, 0, 2, 2, 0);
insert into resources values(2500, 10, 10, 0, 5, 5, 0);
insert into resources values(3500, 15, 0, 0, 0, 0, 0);
insert into resources values(3000, 10, 0, 0, 0, 10, 0);
insert into resources values(10000, 10, 10, 0, 10, 0, 0);
insert into resources values(15000, 10, 10, 0, 20, 0, 0);
insert into resources values(1500, 2, 0, 2, 0, 2, 0);
insert into resources values(2000, 0, 5, 0, 0, 5, 0);
insert into resources values(2000, 0, 10, 0, 0, 0, 0);
insert into resources values(1000, 0, 0, 0, 5, 0, 0);
insert into resources values(10000, 10, 10, 0, 0, 10, 0);
insert into resources values(15000, 20, 10, 0, 0, 10, 0);
insert into resources values(1000, 5, 5, 4, 4, 4, 4);
insert into resources values(1000, 5, 5, 6, 6, 6, 6);
insert into resources values(1000, 5, 5, 8, 8, 8, 8);
insert into resources values(1000, 5, 5, 10, 10, 10, 10);
insert into resources values(5000, 20, 20, 0, 0, 0, 0);
insert into resources values(2500, 0, 5, 0, 0, 0, 0);
insert into resources values(5000, 10, 10, 0, 0, 0, 0);
insert into resources values(5000, 0, 0, 0, 0, 0, 0);
insert into resources values(10000, 0, 0, 0, 0, 0, 0);

insert into castles values('Castle');
insert into castles values('Rampart');
insert into castles values('Tower');
insert into castles values('Inferno');
insert into castles values('Necropolis');
insert into castles values('Dungeon');
insert into castles values('Stronghold');
insert into castles values('Fortress');
insert into castles values('Conflux');

insert into unit values('Pikeman', 'Castle', 1, 4 , 5 , 10 , 4 , 1 , 3 );
insert into unit values('Halberdier', 'Castle', 2, 6 , 5 , 10 , 5 , 2 , 3 );
insert into unit values('Archer', 'Castle', 3, 6 , 3 , 10 , 4 , 2 , 3 );
insert into unit values('Marksman', 'Castle', 4, 6 , 3 , 10 , 6 , 2 , 3 );
insert into unit values('Griffin', 'Castle', 5, 8 , 8 , 25 , 6 , 3 , 6 );
insert into unit values('Royal Griffin', 'Castle', 6, 9 , 9 , 25 , 9 , 3 , 6 );
insert into unit values('Swordsman', 'Castle', 7, 10 , 12 , 35 , 5 , 6 , 9 );
insert into unit values('Crusader', 'Castle', 8, 12 , 12 , 35 , 6 , 7 , 10 );
insert into unit values('Monk', 'Castle', 8, 12 , 7 , 30 , 5 , 10 , 12 );
insert into unit values('Zealot', 'Castle', 9, 12 , 10 , 30 , 7 , 10 , 12 );
insert into unit values('Cavalier', 'Castle', 10, 15 , 15 , 100 , 7 , 15 , 25 );
insert into unit values('Champion', 'Castle', 11, 16 , 16 , 100 , 9 , 20 , 25 );
insert into unit values('Angel', 'Castle', 12, 20 , 20 , 200 , 12 , 50 , 50 );
insert into unit values('Archangel', 'Castle', 13, 30 , 30 , 250 , 18 , 50 , 50 );
insert into unit values('Centaur', 'Rampart', 14, 5 , 3 , 8 , 6 , 2 , 3 );
insert into unit values('Centaur Captain', 'Rampart', 15, 6 , 3 , 10 , 8 , 2 , 3 );
insert into unit values('Dwarf', 'Rampart', 16, 6 , 7 , 20 , 3 , 2 , 4 );
insert into unit values('Battle Dwarf', 'Rampart', 4, 7 , 7 , 20 , 5 , 2 , 4 );
insert into unit values('Wood Elf', 'Rampart', 5, 9 , 5 , 15 , 6 , 3 , 5 );
insert into unit values('Grand Elf', 'Rampart', 17, 9 , 5 , 15 , 7 , 3 , 5 );
insert into unit values('Pegasus', 'Rampart', 18, 9 , 8 , 30 , 8 , 5 , 9 );
insert into unit values('Silver Pegasus', 'Rampart', 19, 9 , 10 , 30 , 12 , 5 , 9 );
insert into unit values('Dendroid Guard', 'Rampart', 20, 9 , 12 , 55 , 3 , 10 , 14 );
insert into unit values('Dendroid Soldier', 'Rampart', 21, 9 , 12 , 65 , 4 , 10 , 14 );
insert into unit values('Unicorn', 'Rampart', 22, 15 , 14 , 90 , 7 , 18 , 22 );
insert into unit values('War Unicorn', 'Rampart', 23, 15 , 14 , 110 , 9 , 18 , 22 );
insert into unit values('Green Dragon', 'Rampart', 24, 18 , 18 , 180 , 10 , 40 , 50 );
insert into unit values('Gold Dragon', 'Rampart', 25, 27 , 27 , 250 , 16 , 40 , 50 );
insert into unit values('Gremlin', 'Tower', 26, 3 , 3 , 4 , 4 , 1 , 2 );
insert into unit values('Master Gremlin', 'Tower', 27, 4 , 4 , 4 , 5 , 1 , 2 );
insert into unit values('Stone Gargoyle', 'Tower', 28, 6 , 6 , 16 , 6 , 2 , 3 );
insert into unit values('Obsidian Gargoyle', 'Tower', 29, 7 , 7 , 16 , 9 , 2 , 3 );
insert into unit values('Stone Golem', 'Tower', 4, 7 , 10 , 30 , 3 , 4 , 5 );
insert into unit values('Iron Golem', 'Tower', 5, 9 , 10 , 35 , 5 , 4 , 5 );
insert into unit values('Mage', 'Tower', 20, 11 , 8 , 25 , 5 , 7 , 9 );
insert into unit values('Arch Mage', 'Tower', 9, 12 , 9 , 30 , 7 , 7 , 9 );
insert into unit values('Genie', 'Tower', 30, 12 , 12 , 40 , 7 , 13 , 16 );
insert into unit values('Master Genie', 'Tower', 31, 12 , 12 , 40 , 11 , 13 , 16 );
insert into unit values('Naga', 'Tower', 32, 16 , 13 , 110 , 5 , 20 , 20 );
insert into unit values('Naga Queen', 'Tower', 33, 16 , 13 , 110 , 7 , 30 , 30 );
insert into unit values('Giant', 'Tower', 34, 19 , 16 , 150 , 7 , 40 , 60 );
insert into unit values('Titan', 'Tower', 35, 24 , 24 , 300 , 11 , 40 , 60 );
insert into unit values('Imp', 'Inferno', 36, 2 , 3 , 4 , 5 , 1 , 2 );
insert into unit values('Familiar', 'Inferno', 1, 4 , 4 , 4 , 7 , 1 , 2 );
insert into unit values('Gog', 'Inferno', 37, 6 , 4 , 13 , 4 , 2 , 4 );
insert into unit values('Magog', 'Inferno', 38, 7 , 4 , 13 , 6 , 2 , 4 );
insert into unit values('Hell Hound', 'Inferno', 5, 10 , 6 , 25 , 7 , 2 , 7 );
insert into unit values('Cerberus', 'Inferno', 18, 10 , 8 , 25 , 8 , 2 , 7 );
insert into unit values('Demon', 'Inferno', 18, 10 , 10 , 35 , 5 , 7 , 9 );
insert into unit values('Horned Demon', 'Inferno', 39, 10 , 10 , 40 , 6 , 7 , 9 );
insert into unit values('Pit Fiend', 'Inferno', 40, 13 , 13 , 45 , 6 , 13 , 17 );
insert into unit values('Pit Lord', 'Inferno', 41, 13 , 13 , 45 , 7 , 13 , 17 );
insert into unit values('Efreet', 'Inferno', 42, 16 , 12 , 90 , 9 , 16 , 24 );
insert into unit values('Efreet Sultan', 'Inferno', 32, 16 , 14 , 90 , 13 , 16 , 24 );
insert into unit values('Devil', 'Inferno', 43, 19 , 21 , 160 , 11 , 30 , 40 );
insert into unit values('Arch Devil', 'Inferno', 44, 26 , 28 , 200 , 17 , 30 , 40 );
insert into unit values('Skeleton', 'Necropolis', 1, 5 , 4 , 6 , 4 , 1 , 3 );
insert into unit values('Skeleton Warrior', 'Necropolis', 14, 6 , 6 , 6 , 5 , 1 , 3 );
insert into unit values('Walking Dead', 'Necropolis', 3, 5 , 5 , 15 , 3 , 2 , 3 );
insert into unit values('Zombie', 'Necropolis', 37, 5 , 5 , 20 , 4 , 2 , 3 );
insert into unit values('Wight', 'Necropolis', 5, 7 , 7 , 18 , 5 , 3 , 5 );
insert into unit values('Wraith', 'Necropolis', 45, 7 , 7 , 18 , 7 , 3 , 5 );
insert into unit values('Vampire', 'Necropolis', 46, 10 , 9 , 30 , 6 , 5 , 8 );
insert into unit values('Vampire Lord', 'Necropolis', 40, 10 , 10 , 40 , 9 , 5 , 8 );
insert into unit values('Lich', 'Necropolis', 30, 13 , 10 , 30 , 6 , 11 , 13 );
insert into unit values('Power Lich', 'Necropolis', 31, 13 , 10 , 40 , 7 , 11 , 15 );
insert into unit values('Black Knight', 'Necropolis', 11, 16 , 16 , 120 , 7 , 15 , 30 );
insert into unit values('Dread Knight', 'Necropolis', 47, 18 , 18 , 120 , 9 , 15 , 30 );
insert into unit values('Bone Dragon', 'Necropolis', 48, 17 , 15 , 150 , 9 , 25 , 50 );
insert into unit values('Ghost Dragon', 'Necropolis', 49, 19 , 17 , 200 , 14 , 25 , 50 );
insert into unit values('Troglodyte', 'Dungeon', 36, 4 , 3 , 5 , 4 , 1 , 3 );
insert into unit values('Infernal Troglodyte', 'Dungeon', 50, 5 , 4 , 6 , 5 , 1 , 3 );
insert into unit values('Harpy', 'Dungeon', 28, 6 , 5 , 14 , 6 , 1 , 4 );
insert into unit values('Harpy Hag', 'Dungeon', 51, 6 , 6 , 14 , 9 , 1 , 4 );
insert into unit values('Beholder', 'Dungeon', 18, 9 , 7 , 22 , 5 , 3 , 5 );
insert into unit values('Evil Eye', 'Dungeon', 52, 10 , 8 , 22 , 7 , 3 , 5 );
insert into unit values('Medusa', 'Dungeon', 7, 9 , 9 , 25 , 5 , 6 , 8 );
insert into unit values('Medusa Queen', 'Dungeon', 53, 10 , 10 , 30 , 6 , 6 , 8 );
insert into unit values('Minotaur', 'Dungeon', 40, 14 , 12 , 50 , 6 , 12 , 20 );
insert into unit values('Minotaur King', 'Dungeon', 54, 15 , 15 , 50 , 8 , 12 , 20 );
insert into unit values('Manticore', 'Dungeon', 22, 15 , 13 , 80 , 7 , 14 , 20 );
insert into unit values('Scorpicore', 'Dungeon', 55, 16 , 14 , 80 , 11 , 14 , 20 );
insert into unit values('Red Dragon', 'Dungeon', 56, 19 , 19 , 180 , 11 , 40 , 50 );
insert into unit values('Black Dragon', 'Dungeon', 57, 25 , 25 , 300 , 15 , 40 , 50 );
insert into unit values('Goblin', 'Stronghold', 27, 4 , 2 , 5 , 5 , 1 , 2 );
insert into unit values('Hobgoblin', 'Stronghold', 36, 5 , 3 , 5 , 7 , 1 , 2 );
insert into unit values('Wolf Rider', 'Stronghold', 3, 7 , 5 , 10 , 6 , 2 , 4 );
insert into unit values('Wolf Raider', 'Stronghold', 58, 8 , 5 , 10 , 8 , 3 , 4 );
insert into unit values('Orc', 'Stronghold', 4, 8 , 4 , 15 , 4 , 2 , 5 );
insert into unit values('Orc Chieftain', 'Stronghold', 59, 8 , 4 , 20 , 5 , 2 , 5 );
insert into unit values('Ogre', 'Stronghold', 7, 13 , 7 , 40 , 4 , 6 , 12 );
insert into unit values('Ogre Mage', 'Stronghold', 8, 13 , 7 , 60 , 5 , 6 , 12 );
insert into unit values('Roc', 'Stronghold', 31, 13 , 11 , 60 , 7 , 11 , 15 );
insert into unit values('Thunderbird', 'Stronghold', 41, 13 , 11 , 60 , 11 , 11 , 15 );
insert into unit values('Cyclops', 'Stronghold', 60, 15 , 12 , 70 , 6 , 16 , 20 );
insert into unit values('Cyclops King', 'Stronghold', 32, 17 , 13 , 70 , 8 , 16 , 20 );
insert into unit values('Behemoth', 'Stronghold', 47, 17 , 17 , 160 , 6 , 30 , 50 );
insert into unit values('Ancient Behemoth', 'Stronghold', 61, 19 , 19 , 300 , 9 , 30 , 50 );
insert into unit values('Gnoll', 'Fortress', 36, 3 , 5 , 6 , 4 , 2 , 3 );
insert into unit values('Gnoll Marauder', 'Fortress', 14, 4 , 6 , 6 , 5 , 2 , 3 );
insert into unit values('Lizardman', 'Fortress', 62, 5 , 6 , 14 , 4 , 2 , 3 );
insert into unit values('Lizard Warrior', 'Fortress', 58, 6 , 8 , 15 , 5 , 2 , 5 );
insert into unit values('Serpent Fly', 'Fortress', 63, 7 , 9 , 20 , 9 , 2 , 5 );
insert into unit values('Dragon Fly', 'Fortress', 6, 8 , 10 , 20 , 13 , 2 , 5 );
insert into unit values('Basilisk', 'Fortress', 64, 11 , 11 , 35 , 5 , 6 , 10 );
insert into unit values('Greater Basilisk', 'Fortress', 8, 12 , 12 , 40 , 7 , 6 , 10 );
insert into unit values('Gorgon', 'Fortress', 65, 10 , 14 , 70 , 5 , 12 , 16 );
insert into unit values('Mighty Gorgon', 'Fortress', 31, 11 , 16 , 70 , 6 , 12 , 16 );
insert into unit values('Wyvern', 'Fortress', 66, 14 , 14 , 70 , 7 , 14 , 18 );
insert into unit values('Wyvern Monarch', 'Fortress', 32, 14 , 14 , 70 , 11 , 18 , 22 );
insert into unit values('Hydra', 'Fortress', 67, 16 , 18 , 175 , 5 , 25 , 45 );
insert into unit values('Chaos Hydra', 'Fortress', 68, 18 , 20 , 250 , 7 , 25 , 45 );
insert into unit values('Pixie', 'Conflux', 69, 2 , 2 , 3 , 7 , 1 , 2 );
insert into unit values('Sprite', 'Conflux', 26, 2 , 2 , 3 , 9 , 1 , 3 );
insert into unit values('Air Elemental', 'Conflux', 18, 9 , 9 , 25 , 7 , 2 , 8 );
insert into unit values('Storm Elemental', 'Conflux', 19, 9 , 9 , 25 , 8 , 2 , 8 );
insert into unit values('Water Elemental', 'Conflux', 7, 8 , 10 , 30 , 5 , 3 , 7 );
insert into unit values('Ice Elemental', 'Conflux', 70, 8 , 10 , 30 , 6 , 3 , 7 );
insert into unit values('Fire Elemental', 'Conflux', 20, 10 , 8 , 35 , 6 , 4 , 6 );
insert into unit values('Energy Elemental', 'Conflux', 8, 12 , 8 , 35 , 8 , 4 , 6 );
insert into unit values('Earth Elemental', 'Conflux', 8, 10 , 10 , 40 , 4 , 4 , 8 );
insert into unit values('Magma Elemental', 'Conflux', 40, 11 , 11 , 40 , 6 , 6 , 10 );
insert into unit values('Psychic Elemental', 'Conflux', 60, 15 , 13 , 75 , 7 , 10 , 20 );
insert into unit values('Magic Elemental', 'Conflux', 66, 15 , 13 , 80 , 9 , 15 , 25 );
insert into unit values('Firebird', 'Conflux', 47, 18 , 18 , 150 , 15 , 30 , 40 );
insert into unit values('Phoenix', 'Conflux', 71, 21 , 18 , 200 , 21 , 30 , 40 );
insert into unit values('Peasant', null, 72, 1 , 1 , 1 , 3 , 1 , 1 );
insert into unit values('Halfling', null, 27, 4 , 2 , 4 , 5 , 1 , 3 );
insert into unit values('Boar', null, 4, 6 , 5 , 15 , 6 , 2 , 3 );
insert into unit values('Rogue', null, 3, 8 , 3 , 10 , 6 , 2 , 4 );
insert into unit values('Mummy', null, 7, 7 , 7 , 30 , 5 , 3 , 5 );
insert into unit values('Nomad', null, 5, 9 , 8 , 30 , 7 , 2 , 6 );
insert into unit values('Sharpshooter', null, 8, 12 , 10 , 15 , 9 , 8 , 10 );
insert into unit values('Troll', null, 40, 14 , 7 , 40 , 7 , 10 , 15 );
insert into unit values('Gold Golem', null, 40, 11 , 12 , 50 , 5 , 8 , 10 );
insert into unit values('Diamond Golem', null, 60, 13 , 12 , 60 , 5 , 10 , 14 );
insert into unit values('Enchanter', null, 60, 17 , 12 , 30 , 9 , 14 , 14 );
insert into unit values('Faerie Dragon', null, 73, 20 , 20 , 500 , 15 , 20 , 30 );
insert into unit values('Rust Dragon', null, 74, 30 , 30 , 750 , 17 , 50 , 50 );
insert into unit values('Crystal Dragon', null, 75, 40 , 40 , 800 , 16 , 60 , 75 );
insert into unit values('Azure Dragon', null, 76, 50 , 50 , 1000 , 19 , 70 , 80 );

insert into castle_building values('Guardhouse', 'Castle', 77);
insert into castle_building values('Upg. Guardhouse', 'Castle', 78);
insert into castle_building values('Archers Tower', 'Castle', 79);
insert into castle_building values('Upg. Archers Tower', 'Castle', 79);
insert into castle_building values('Griffin Tower', 'Castle', 78);
insert into castle_building values('Upg. Griffin Tower', 'Castle', 78);
insert into castle_building values('Barracks', 'Castle', 80);
insert into castle_building values('Upg. Barracks', 'Castle', 81);
insert into castle_building values('Monastery', 'Castle', 82);
insert into castle_building values('Upg. Monastery', 'Castle', 83);
insert into castle_building values('Training Grounds', 'Castle', 84);
insert into castle_building values('Upg. Training Grounds', 'Castle', 85);
insert into castle_building values('Portal of Glory', 'Castle', 86);
insert into castle_building values('Upg. Portal of Glory', 'Castle', 86);

insert into castle_building values('Centaur Stables', 'Rampart', 87);
insert into castle_building values('Upg. Centaur Stables', 'Rampart', 88);
insert into castle_building values('Dwarf Cottage', 'Rampart', 88);
insert into castle_building values('Upg. Dwarf Cottage', 'Rampart', 88);
insert into castle_building values('Homestead', 'Rampart', 89);
insert into castle_building values('Upg. Homestead', 'Rampart', 89);
insert into castle_building values('Enchanted Spring', 'Rampart', 90);
insert into castle_building values('Upg. Enchanted Spring', 'Rampart', 91);
insert into castle_building values('Dendroid Arches', 'Rampart', 92);
insert into castle_building values('Upg. Dendroid Arches', 'Rampart', 47);
insert into castle_building values('Unicorn Glade', 'Rampart', 93);
insert into castle_building values('Upg. Unicorn Glade', 'Rampart', 94);
insert into castle_building values('Dragon Cliffs', 'Rampart', 95);
insert into castle_building values('Upg. Dragon Cliffs', 'Rampart', 96);

insert into castle_building values('Workshop', 'Tower', 97);
insert into castle_building values('Upg. Workshop', 'Tower', 10);
insert into castle_building values('Parapet', 'Tower', 98);
insert into castle_building values('Upg. Parapet', 'Tower', 99);
insert into castle_building values('Golem Factory', 'Tower', 100);
insert into castle_building values('Upg. Golem Factory', 'Tower', 101);
insert into castle_building values('Mage Tower', 'Tower', 102);
insert into castle_building values('Upg. Mage Tower', 'Tower', 103);
insert into castle_building values('Altar of Wishes', 'Tower', 104);
insert into castle_building values('Upg. Altar of Wishes', 'Tower', 103);
insert into castle_building values('Golden Pavilion', 'Tower', 105);
insert into castle_building values('Upg. Golden Pavilion', 'Tower', 106);
insert into castle_building values('Cloud Temple', 'Tower', 107);
insert into castle_building values('Upg. Cloud Temple', 'Tower', 108);

insert into castle_building values('Imp Crucible', 'Inferno', 97);
insert into castle_building values('Upg. Imp Crucible', 'Inferno', 10);
insert into castle_building values('Hall of Sins', 'Inferno', 78);
insert into castle_building values('Upg. Hall of Sins', 'Inferno', 109);
insert into castle_building values('Kennels', 'Inferno', 89);
insert into castle_building values('Upg. Kennels', 'Inferno', 110);
insert into castle_building values('Demon Gate', 'Inferno', 100);
insert into castle_building values('Upg. Demon Gate', 'Inferno', 100);
insert into castle_building values('Hell Hole', 'Inferno', 111);
insert into castle_building values('Upg. Hell Hole', 'Inferno', 112);
insert into castle_building values('Fire Lake', 'Inferno', 113);
insert into castle_building values('Upg. Fire Lake', 'Inferno', 114);
insert into castle_building values('Forsaken Palace', 'Inferno', 115);
insert into castle_building values('Upg. Forsaken Palace', 'Inferno', 116);

insert into castle_building values('Cursed Temple', 'Necropolis', 117);
insert into castle_building values('Upg. Cursed Temple', 'Necropolis', 79);
insert into castle_building values('Graveyard', 'Necropolis', 78);
insert into castle_building values('Upg. Graveyard', 'Necropolis', 79);
insert into castle_building values('Tomb of Souls', 'Necropolis', 118);
insert into castle_building values('Upg. Tomb of Souls', 'Necropolis', 119);
insert into castle_building values('Estate', 'Necropolis', 100);
insert into castle_building values('Upg. Estate', 'Necropolis', 120);
insert into castle_building values('Mausoleum', 'Necropolis', 121);
insert into castle_building values('Upg. Mausoleum', 'Necropolis', 122);
insert into castle_building values('Hall of Darkness', 'Necropolis', 123);
insert into castle_building values('Upg. Hall of Darkness', 'Necropolis', 82);
insert into castle_building values('Dragon Vault', 'Necropolis', 124);
insert into castle_building values('Upg. Dragon Vault', 'Necropolis', 125);

insert into castle_building values('Warren', 'Dungeon', 126);
insert into castle_building values('Upg. Warren', 'Dungeon', 88);
insert into castle_building values('Harpy Loft', 'Dungeon', 10);
insert into castle_building values('Upg. Harpy Loft', 'Dungeon', 127);
insert into castle_building values('Pillar of Eyes', 'Dungeon', 128);
insert into castle_building values('Upg. Pillar of Eyes', 'Dungeon', 128);
insert into castle_building values('Chapel of Stilled Voices', 'Dungeon', 129);
insert into castle_building values('Upg. Chapel of Stilled Voices', 'Dungeon', 130);
insert into castle_building values('Labyrinth', 'Dungeon', 131);
insert into castle_building values('Upg. Labyrinth', 'Dungeon', 132);
insert into castle_building values('Manticore Lair', 'Dungeon', 133);
insert into castle_building values('Upg. Manticore Lair', 'Dungeon', 134);
insert into castle_building values('Dragon Cave', 'Dungeon', 135);
insert into castle_building values('Upg. Dragon Cave', 'Dungeon', 135);

insert into castle_building values('Goblin Barracks', 'Stronghold', 136);
insert into castle_building values('Upg. Goblin Barracks', 'Stronghold', 79);
insert into castle_building values('Wolf Pen', 'Stronghold', 137);
insert into castle_building values('Upg. Wolf Pen', 'Stronghold', 79);
insert into castle_building values('Orc Tower', 'Stronghold', 79);
insert into castle_building values('Upg. Orc Tower', 'Stronghold', 138);
insert into castle_building values('Ogre Fort', 'Stronghold', 139);
insert into castle_building values('Upg. Ogre Fort', 'Stronghold', 140);
insert into castle_building values('Cliff Nest', 'Stronghold', 141);
insert into castle_building values('Upg. Cliff Nest', 'Stronghold', 100);
insert into castle_building values('Cyclops Cave', 'Stronghold', 142);
insert into castle_building values('Upg. Cyclops Cave', 'Stronghold', 143);
insert into castle_building values('Behemoth Lair', 'Stronghold', 144);
insert into castle_building values('Upg. Behemoth Lair', 'Stronghold', 145);

insert into castle_building values('Gnoll Hut', 'Fortress', 126);
insert into castle_building values('Upg. Gnoll Hut', 'Fortress', 146);
insert into castle_building values('Lizard Den', 'Fortress', 88);
insert into castle_building values('Upg. Lizard Den', 'Fortress', 88);
insert into castle_building values('Serpent Fly Hive', 'Fortress', 147);
insert into castle_building values('Upg. Serpent Fly Hive', 'Fortress', 148);
insert into castle_building values('Basilisk Pit', 'Fortress', 129);
insert into castle_building values('Upg. Basilisk Pit', 'Fortress', 100);
insert into castle_building values('Gorgon Lair', 'Fortress', 149);
insert into castle_building values('Upg. Gorgon Lair', 'Fortress', 100);
insert into castle_building values('Wyvern Nest', 'Fortress', 150);
insert into castle_building values('Upg. Wyvern Nest', 'Fortress', 151);
insert into castle_building values('Hydra Pond', 'Fortress', 152);
insert into castle_building values('Upg. Hydra Pond', 'Fortress', 153);

insert into castle_building values('Magic Lantern', 'Conflux', 97);
insert into castle_building values('Upg. Magic Lantern', 'Conflux', 10);
insert into castle_building values('Altar of Air', 'Conflux', 99);
insert into castle_building values('Upg. Altar of Air', 'Conflux', 154);
insert into castle_building values('Altar of Water', 'Conflux', 99);
insert into castle_building values('Upg. Altar of Water', 'Conflux', 155);
insert into castle_building values('Altar of Fire', 'Conflux', 100);
insert into castle_building values('Upg. Altar of Fire', 'Conflux', 155);
insert into castle_building values('Altar of Earth', 'Conflux', 156);
insert into castle_building values('Upg. Altar of Earth', 'Conflux', 157);
insert into castle_building values('Altar of Thought', 'Conflux', 82);
insert into castle_building values('Upg. Altar of Thought', 'Conflux', 106);
insert into castle_building values('Pyre', 'Conflux', 158);
insert into castle_building values('Upg. Pyre', 'Conflux', 159);

insert into castle_building values('Mage Guild Level 1', 'Castle', 100);
insert into castle_building values('Mage Guild Level 1', 'Rampart', 100);
insert into castle_building values('Mage Guild Level 1', 'Tower', 100);
insert into castle_building values('Mage Guild Level 1', 'Inferno', 100);
insert into castle_building values('Mage Guild Level 1', 'Necropolis', 100);
insert into castle_building values('Mage Guild Level 1', 'Dungeon', 100);
insert into castle_building values('Mage Guild Level 1', 'Stronghold', 100);
insert into castle_building values('Mage Guild Level 1', 'Fortress', 100);
insert into castle_building values('Mage Guild Level 1', 'Conflux', 100);
insert into castle_building values('Mage Guild Level 2', 'Castle', 160);
insert into castle_building values('Mage Guild Level 2', 'Rampart', 160);
insert into castle_building values('Mage Guild Level 2', 'Tower', 160);
insert into castle_building values('Mage Guild Level 2', 'Inferno', 160);
insert into castle_building values('Mage Guild Level 2', 'Necropolis', 160);
insert into castle_building values('Mage Guild Level 2', 'Dungeon', 160);
insert into castle_building values('Mage Guild Level 2', 'Stronghold', 160);
insert into castle_building values('Mage Guild Level 2', 'Fortress', 160);
insert into castle_building values('Mage Guild Level 2', 'Conflux', 160);
insert into castle_building values('Mage Guild Level 3', 'Castle', 161);
insert into castle_building values('Mage Guild Level 3', 'Rampart', 161);
insert into castle_building values('Mage Guild Level 3', 'Tower', 161);
insert into castle_building values('Mage Guild Level 3', 'Inferno', 161);
insert into castle_building values('Mage Guild Level 3', 'Necropolis', 161);
insert into castle_building values('Mage Guild Level 3', 'Dungeon', 161);
insert into castle_building values('Mage Guild Level 3', 'Stronghold', 161);
insert into castle_building values('Mage Guild Level 3', 'Fortress', 161);
insert into castle_building values('Mage Guild Level 3', 'Conflux', 161);
insert into castle_building values('Mage Guild Level 4', 'Castle', 162);
insert into castle_building values('Mage Guild Level 4', 'Rampart', 162);
insert into castle_building values('Mage Guild Level 4', 'Tower', 162);
insert into castle_building values('Mage Guild Level 4', 'Inferno', 162);
insert into castle_building values('Mage Guild Level 4', 'Necropolis', 162);
insert into castle_building values('Mage Guild Level 4', 'Dungeon', 162);
insert into castle_building values('Mage Guild Level 4', 'Stronghold', 162);
insert into castle_building values('Mage Guild Level 4', 'Fortress', 162);
insert into castle_building values('Mage Guild Level 4', 'Conflux', 162);
insert into castle_building values('Mage Guild Level 5', 'Castle', 163);
insert into castle_building values('Mage Guild Level 5', 'Rampart', 163);
insert into castle_building values('Mage Guild Level 5', 'Tower', 163);
insert into castle_building values('Mage Guild Level 5', 'Inferno', 163);
insert into castle_building values('Mage Guild Level 5', 'Necropolis', 163);
insert into castle_building values('Mage Guild Level 5', 'Dungeon', 163);
insert into castle_building values('Mage Guild Level 5', 'Stronghold', 163);
insert into castle_building values('Mage Guild Level 5', 'Fortress', 163);
insert into castle_building values('Mage Guild Level 5', 'Conflux', 163);

insert into castle_building values('Fort', 'Castle', 164);
insert into castle_building values('Fort', 'Rampart', 164);
insert into castle_building values('Fort', 'Tower', 164);
insert into castle_building values('Fort', 'Inferno', 164);
insert into castle_building values('Fort', 'Necropolis', 164);
insert into castle_building values('Fort', 'Dungeon', 164);
insert into castle_building values('Fort', 'Stronghold', 164);
insert into castle_building values('Fort', 'Fortress', 164);
insert into castle_building values('Fort', 'Conflux', 164);
insert into castle_building values('Citadel', 'Castle', 165);
insert into castle_building values('Citadel', 'Rampart', 165);
insert into castle_building values('Citadel', 'Tower', 165);
insert into castle_building values('Citadel', 'Inferno', 165);
insert into castle_building values('Citadel', 'Necropolis', 165);
insert into castle_building values('Citadel', 'Dungeon', 165);
insert into castle_building values('Citadel', 'Stronghold', 165);
insert into castle_building values('Citadel', 'Fortress', 165);
insert into castle_building values('Citadel', 'Conflux', 165);
insert into castle_building values('Castle', 'Castle', 166);
insert into castle_building values('Castle', 'Rampart', 166);
insert into castle_building values('Castle', 'Tower', 166);
insert into castle_building values('Castle', 'Inferno', 166);
insert into castle_building values('Castle', 'Necropolis', 166);
insert into castle_building values('Castle', 'Dungeon', 166);
insert into castle_building values('Castle', 'Stronghold', 166);
insert into castle_building values('Castle', 'Fortress', 166);
insert into castle_building values('Castle', 'Conflux', 166);

insert into castle_building values('Town Hall', 'Castle', 92);
insert into castle_building values('Town Hall', 'Rampart', 92);
insert into castle_building values('Town Hall', 'Tower', 92);
insert into castle_building values('Town Hall', 'Inferno', 92);
insert into castle_building values('Town Hall', 'Necropolis', 92);
insert into castle_building values('Town Hall', 'Dungeon', 92);
insert into castle_building values('Town Hall', 'Stronghold', 92);
insert into castle_building values('Town Hall', 'Fortress', 92);
insert into castle_building values('Town Hall', 'Conflux', 92);
insert into castle_building values('City Hall', 'Castle', 167);
insert into castle_building values('City Hall', 'Rampart', 167);
insert into castle_building values('City Hall', 'Tower', 167);
insert into castle_building values('City Hall', 'Inferno', 167);
insert into castle_building values('City Hall', 'Necropolis', 167);
insert into castle_building values('City Hall', 'Dungeon', 167);
insert into castle_building values('City Hall', 'Stronghold', 167);
insert into castle_building values('City Hall', 'Fortress', 167);
insert into castle_building values('City Hall', 'Conflux', 167);
insert into castle_building values('Capitol', 'Castle', 168);
insert into castle_building values('Capitol', 'Rampart', 168);
insert into castle_building values('Capitol', 'Tower', 168);
insert into castle_building values('Capitol', 'Inferno', 168);
insert into castle_building values('Capitol', 'Necropolis', 168);
insert into castle_building values('Capitol', 'Dungeon', 168);
insert into castle_building values('Capitol', 'Stronghold', 168);
insert into castle_building values('Capitol', 'Fortress', 168);
insert into castle_building values('Capitol', 'Conflux', 168);
