insert into castles values('Fortress');
insert into castles values('Rampart');
insert into castles values('Castle');
insert into castles values('Inferno');
insert into castles values('Conflux');
insert into castles values('Fort');
insert into castles values('Tower');
insert into castles values('Dungeon');
insert into castles values('Stronghold');
insert into castles values('Necropolis');


insert into unit values('Pikeman', 'Castle', 1, 4 , 5 , 10 , 4 , 1 , 3 );
insert into unit values('Halberdier', 'Castle', 1, 6 , 5 , 10 , 5 , 2 , 3 );
insert into unit values('Archer', 'Castle', 1, 6 , 3 , 10 , 4 , 2 , 3 );
insert into unit values('Marksman', 'Castle', 1, 6 , 3 , 10 , 6 , 2 , 3 );
insert into unit values('Griffin', 'Castle', 1, 8 , 8 , 25 , 6 , 3 , 6 );
insert into unit values('Royal Griffin', 'Castle', 1, 9 , 9 , 25 , 9 , 3 , 6 );
insert into unit values('Swordsman', 'Castle', 1, 10 , 12 , 35 , 5 , 6 , 9 );
insert into unit values('Crusader', 'Castle', 1, 12 , 12 , 35 , 6 , 7 , 10 );
insert into unit values('Monk', 'Castle', 1, 12 , 7 , 30 , 5 , 10 , 12 );
insert into unit values('Zealot', 'Castle', 1, 12 , 10 , 30 , 7 , 10 , 12 );
insert into unit values('Cavalier', 'Castle', 1, 15 , 15 , 100 , 7 , 15 , 25 );
insert into unit values('Champion', 'Castle', 1, 16 , 16 , 100 , 9 , 20 , 25 );
insert into unit values('Angel', 'Castle', 1, 20 , 20 , 200 , 12 , 50 , 50 );
insert into unit values('Archangel', 'Castle', 1, 30 , 30 , 250 , 18 , 50 , 50 );
insert into unit values('Centaur', 'Rampart', 1, 5 , 3 , 8 , 6 , 2 , 3 );
insert into unit values('Centaur Captain', 'Rampart', 1, 6 , 3 , 10 , 8 , 2 , 3 );
insert into unit values('Dwarf', 'Rampart', 1, 6 , 7 , 20 , 3 , 2 , 4 );
insert into unit values('Battle Dwarf', 'Rampart', 1, 7 , 7 , 20 , 5 , 2 , 4 );
insert into unit values('Wood Elf', 'Rampart', 1, 9 , 5 , 15 , 6 , 3 , 5 );
insert into unit values('Grand Elf', 'Rampart', 1, 9 , 5 , 15 , 7 , 3 , 5 );
insert into unit values('Pegasus', 'Rampart', 1, 9 , 8 , 30 , 8 , 5 , 9 );
insert into unit values('Silver Pegasus', 'Rampart', 1, 9 , 10 , 30 , 12 , 5 , 9 );
insert into unit values('Dendroid Guard', 'Rampart', 1, 9 , 12 , 55 , 3 , 10 , 14 );
insert into unit values('Dendroid Soldier', 'Rampart', 1, 9 , 12 , 65 , 4 , 10 , 14 );
insert into unit values('Unicorn', 'Rampart', 1, 15 , 14 , 90 , 7 , 18 , 22 );
insert into unit values('War Unicorn', 'Rampart', 1, 15 , 14 , 110 , 9 , 18 , 22 );
insert into unit values('Green Dragon', 'Rampart', 1, 18 , 18 , 180 , 10 , 40 , 50 );
insert into unit values('Gold Dragon', 'Rampart', 1, 27 , 27 , 250 , 16 , 40 , 50 );
insert into unit values('Gremlin', 'Tower', 1, 3 , 3 , 4 , 4 , 1 , 2 );
insert into unit values('Master Gremlin', 'Tower', 1, 4 , 4 , 4 , 5 , 1 , 2 );
insert into unit values('Stone Gargoyle', 'Tower', 1, 6 , 6 , 16 , 6 , 2 , 3 );
insert into unit values('Obsidian Gargoyle', 'Tower', 1, 7 , 7 , 16 , 9 , 2 , 3 );
insert into unit values('Stone Golem', 'Tower', 1, 7 , 10 , 30 , 3 , 4 , 5 );
insert into unit values('Iron Golem', 'Tower', 1, 9 , 10 , 35 , 5 , 4 , 5 );
insert into unit values('Mage', 'Tower', 1, 11 , 8 , 25 , 5 , 7 , 9 );
insert into unit values('Arch Mage', 'Tower', 1, 12 , 9 , 30 , 7 , 7 , 9 );
insert into unit values('Genie', 'Tower', 1, 12 , 12 , 40 , 7 , 13 , 16 );
insert into unit values('Master Genie', 'Tower', 1, 12 , 12 , 40 , 11 , 13 , 16 );
insert into unit values('Naga', 'Tower', 1, 16 , 13 , 110 , 5 , 20 , 20 );
insert into unit values('Naga Queen', 'Tower', 1, 16 , 13 , 110 , 7 , 30 , 30 );
insert into unit values('Giant', 'Tower', 1, 19 , 16 , 150 , 7 , 40 , 60 );
insert into unit values('Titan', 'Tower', 1, 24 , 24 , 300 , 11 , 40 , 60 );
insert into unit values('Imp', 'Inferno', 1, 2 , 3 , 4 , 5 , 1 , 2 );
insert into unit values('Familiar', 'Inferno', 1, 4 , 4 , 4 , 7 , 1 , 2 );
insert into unit values('Gog', 'Inferno', 1, 6 , 4 , 13 , 4 , 2 , 4 );
insert into unit values('Magog', 'Inferno', 1, 7 , 4 , 13 , 6 , 2 , 4 );
insert into unit values('Hell Hound', 'Inferno', 1, 10 , 6 , 25 , 7 , 2 , 7 );
insert into unit values('Cerberus', 'Inferno', 1, 10 , 8 , 25 , 8 , 2 , 7 );
insert into unit values('Demon', 'Inferno', 1, 10 , 10 , 35 , 5 , 7 , 9 );
insert into unit values('Horned Demon', 'Inferno', 1, 10 , 10 , 40 , 6 , 7 , 9 );
insert into unit values('Pit Fiend', 'Inferno', 1, 13 , 13 , 45 , 6 , 13 , 17 );
insert into unit values('Pit Lord', 'Inferno', 1, 13 , 13 , 45 , 7 , 13 , 17 );
insert into unit values('Efreet', 'Inferno', 1, 16 , 12 , 90 , 9 , 16 , 24 );
insert into unit values('Efreet Sultan', 'Inferno', 1, 16 , 14 , 90 , 13 , 16 , 24 );
insert into unit values('Devil', 'Inferno', 1, 19 , 21 , 160 , 11 , 30 , 40 );
insert into unit values('Arch Devil', 'Inferno', 1, 26 , 28 , 200 , 17 , 30 , 40 );
insert into unit values('Skeleton', 'Necropolis', 1, 5 , 4 , 6 , 4 , 1 , 3 );
insert into unit values('Skeleton Warrior', 'Necropolis', 1, 6 , 6 , 6 , 5 , 1 , 3 );
insert into unit values('Walking Dead', 'Necropolis', 1, 5 , 5 , 15 , 3 , 2 , 3 );
insert into unit values('Zombie', 'Necropolis', 1, 5 , 5 , 20 , 4 , 2 , 3 );
insert into unit values('Wight', 'Necropolis', 1, 7 , 7 , 18 , 5 , 3 , 5 );
insert into unit values('Wraith', 'Necropolis', 1, 7 , 7 , 18 , 7 , 3 , 5 );
insert into unit values('Vampire', 'Necropolis', 1, 10 , 9 , 30 , 6 , 5 , 8 );
insert into unit values('Vampire Lord', 'Necropolis', 1, 10 , 10 , 40 , 9 , 5 , 8 );
insert into unit values('Lich', 'Necropolis', 1, 13 , 10 , 30 , 6 , 11 , 13 );
insert into unit values('Power Lich', 'Necropolis', 1, 13 , 10 , 40 , 7 , 11 , 15 );
insert into unit values('Black Knight', 'Necropolis', 1, 16 , 16 , 120 , 7 , 15 , 30 );
insert into unit values('Dread Knight', 'Necropolis', 1, 18 , 18 , 120 , 9 , 15 , 30 );
insert into unit values('Bone Dragon', 'Necropolis', 1, 17 , 15 , 150 , 9 , 25 , 50 );
insert into unit values('Ghost Dragon', 'Necropolis', 1, 19 , 17 , 200 , 14 , 25 , 50 );
insert into unit values('Troglodyte', 'Dungeon', 1, 4 , 3 , 5 , 4 , 1 , 3 );
insert into unit values('Infernal Troglodyte', 'Dungeon', 1, 5 , 4 , 6 , 5 , 1 , 3 );
insert into unit values('Harpy', 'Dungeon', 1, 6 , 5 , 14 , 6 , 1 , 4 );
insert into unit values('Harpy Hag', 'Dungeon', 1, 6 , 6 , 14 , 9 , 1 , 4 );
insert into unit values('Beholder', 'Dungeon', 1, 9 , 7 , 22 , 5 , 3 , 5 );
insert into unit values('Evil Eye', 'Dungeon', 1, 10 , 8 , 22 , 7 , 3 , 5 );
insert into unit values('Medusa', 'Dungeon', 1, 9 , 9 , 25 , 5 , 6 , 8 );
insert into unit values('Medusa Queen', 'Dungeon', 1, 10 , 10 , 30 , 6 , 6 , 8 );
insert into unit values('Minotaur', 'Dungeon', 1, 14 , 12 , 50 , 6 , 12 , 20 );
insert into unit values('Minotaur King', 'Dungeon', 1, 15 , 15 , 50 , 8 , 12 , 20 );
insert into unit values('Manticore', 'Dungeon', 1, 15 , 13 , 80 , 7 , 14 , 20 );
insert into unit values('Scorpicore', 'Dungeon', 1, 16 , 14 , 80 , 11 , 14 , 20 );
insert into unit values('Red Dragon', 'Dungeon', 1, 19 , 19 , 180 , 11 , 40 , 50 );
insert into unit values('Black Dragon', 'Dungeon', 1, 25 , 25 , 300 , 15 , 40 , 50 );
insert into unit values('Goblin', 'Stronghold', 1, 4 , 2 , 5 , 5 , 1 , 2 );
insert into unit values('Hobgoblin', 'Stronghold', 1, 5 , 3 , 5 , 7 , 1 , 2 );
insert into unit values('Wolf Rider', 'Stronghold', 1, 7 , 5 , 10 , 6 , 2 , 4 );
insert into unit values('Wolf Raider', 'Stronghold', 1, 8 , 5 , 10 , 8 , 3 , 4 );
insert into unit values('Orc', 'Stronghold', 1, 8 , 4 , 15 , 4 , 2 , 5 );
insert into unit values('Orc Chieftain', 'Stronghold', 1, 8 , 4 , 20 , 5 , 2 , 5 );
insert into unit values('Ogre', 'Stronghold', 1, 13 , 7 , 40 , 4 , 6 , 12 );
insert into unit values('Ogre Mage', 'Stronghold', 1, 13 , 7 , 60 , 5 , 6 , 12 );
insert into unit values('Roc', 'Stronghold', 1, 13 , 11 , 60 , 7 , 11 , 15 );
insert into unit values('Thunderbird', 'Stronghold', 1, 13 , 11 , 60 , 11 , 11 , 15 );
insert into unit values('Cyclops', 'Stronghold', 1, 15 , 12 , 70 , 6 , 16 , 20 );
insert into unit values('Cyclops King', 'Stronghold', 1, 17 , 13 , 70 , 8 , 16 , 20 );
insert into unit values('Behemoth', 'Stronghold', 1, 17 , 17 , 160 , 6 , 30 , 50 );
insert into unit values('Ancient Behemoth', 'Stronghold', 1, 19 , 19 , 300 , 9 , 30 , 50 );
insert into unit values('Gnoll', 'Fortress', 1, 3 , 5 , 6 , 4 , 2 , 3 );
insert into unit values('Gnoll Marauder', 'Fortress', 1, 4 , 6 , 6 , 5 , 2 , 3 );
insert into unit values('Lizardman', 'Fortress', 1, 5 , 6 , 14 , 4 , 2 , 3 );
insert into unit values('Lizard Warrior', 'Fortress', 1, 6 , 8 , 15 , 5 , 2 , 5 );
insert into unit values('Serpent Fly', 'Fortress', 1, 7 , 9 , 20 , 9 , 2 , 5 );
insert into unit values('Dragon Fly', 'Fortress', 1, 8 , 10 , 20 , 13 , 2 , 5 );
insert into unit values('Basilisk', 'Fortress', 1, 11 , 11 , 35 , 5 , 6 , 10 );
insert into unit values('Greater Basilisk', 'Fortress', 1, 12 , 12 , 40 , 7 , 6 , 10 );
insert into unit values('Gorgon', 'Fortress', 1, 10 , 14 , 70 , 5 , 12 , 16 );
insert into unit values('Mighty Gorgon', 'Fortress', 1, 11 , 16 , 70 , 6 , 12 , 16 );
insert into unit values('Wyvern', 'Fortress', 1, 14 , 14 , 70 , 7 , 14 , 18 );
insert into unit values('Wyvern Monarch', 'Fortress', 1, 14 , 14 , 70 , 11 , 18 , 22 );
insert into unit values('Hydra', 'Fortress', 1, 16 , 18 , 175 , 5 , 25 , 45 );
insert into unit values('Chaos Hydra', 'Fortress', 1, 18 , 20 , 250 , 7 , 25 , 45 );
insert into unit values('Pixie', 'Conflux', 1, 2 , 2 , 3 , 7 , 1 , 2 );
insert into unit values('Sprite', 'Conflux', 1, 2 , 2 , 3 , 9 , 1 , 3 );
insert into unit values('Air Elemental', 'Conflux', 1, 9 , 9 , 25 , 7 , 2 , 8 );
insert into unit values('Storm Elemental', 'Conflux', 1, 9 , 9 , 25 , 8 , 2 , 8 );
insert into unit values('Water Elemental', 'Conflux', 1, 8 , 10 , 30 , 5 , 3 , 7 );
insert into unit values('Ice Elemental', 'Conflux', 1, 8 , 10 , 30 , 6 , 3 , 7 );
insert into unit values('Fire Elemental', 'Conflux', 1, 10 , 8 , 35 , 6 , 4 , 6 );
insert into unit values('Energy Elemental', 'Conflux', 1, 12 , 8 , 35 , 8 , 4 , 6 );
insert into unit values('Earth Elemental', 'Conflux', 1, 10 , 10 , 40 , 4 , 4 , 8 );
insert into unit values('Magma Elemental', 'Conflux', 1, 11 , 11 , 40 , 6 , 6 , 10 );
insert into unit values('Psychic Elemental', 'Conflux', 1, 15 , 13 , 75 , 7 , 10 , 20 );
insert into unit values('Magic Elemental', 'Conflux', 1, 15 , 13 , 80 , 9 , 15 , 25 );
insert into unit values('Firebird', 'Conflux', 1, 18 , 18 , 150 , 15 , 30 , 40 );
insert into unit values('Phoenix', 'Conflux', 1, 21 , 18 , 200 , 21 , 30 , 40 );
insert into unit values('Peasant', null, 1, 1 , 1 , 1 , 3 , 1 , 1 );
insert into unit values('Halfling', null, 1, 4 , 2 , 4 , 5 , 1 , 3 );
insert into unit values('Boar', null, 1, 6 , 5 , 15 , 6 , 2 , 3 );
insert into unit values('Rogue', null, 1, 8 , 3 , 10 , 6 , 2 , 4 );
insert into unit values('Mummy', null, 1, 7 , 7 , 30 , 5 , 3 , 5 );
insert into unit values('Nomad', null, 1, 9 , 8 , 30 , 7 , 2 , 6 );
insert into unit values('Sharpshooter', null, 1, 12 , 10 , 15 , 9 , 8 , 10 );
insert into unit values('Troll', null, 1, 14 , 7 , 40 , 7 , 10 , 15 );
insert into unit values('Gold Golem', null, 1, 11 , 12 , 50 , 5 , 8 , 10 );
insert into unit values('Diamond Golem', null, 1, 13 , 12 , 60 , 5 , 10 , 14 );
insert into unit values('Enchanter', null, 1, 17 , 12 , 30 , 9 , 14 , 14 );
insert into unit values('Faerie Dragon', null, 1, 20 , 20 , 500 , 15 , 20 , 30 );
insert into unit values('Rust Dragon', null, 1, 30 , 30 , 750 , 17 , 50 , 50 );
insert into unit values('Crystal Dragon', null, 1, 40 , 40 , 800 , 16 , 60 , 75 );
insert into unit values('Azure Dragon', null, 1, 50 , 50 , 1000 , 19 , 70 , 80 );


insert into castle_building values('Guardhouse ', 'Castle', 1);
insert into castle_building values('Upg. Guardhouse ', 'Castle', 1);
insert into castle_building values('Archers Tower ', 'Castle', 1);
insert into castle_building values('Upg. Archers Tower ', 'Castle', 1);
insert into castle_building values('Griffin Tower ', 'Castle', 1);
insert into castle_building values('Upg. Griffin Tower ', 'Castle', 1);
insert into castle_building values('Barracks ', 'Castle', 1);
insert into castle_building values('Upg. Barracks ', 'Castle', 1);
insert into castle_building values('Monastery ', 'Castle', 1);
insert into castle_building values('Upg. Monastery ', 'Castle', 1);
insert into castle_building values('Training Grounds ', 'Castle', 1);
insert into castle_building values('Upg. Training Grounds ', 'Castle', 1);
insert into castle_building values('Portal of Glory ', 'Castle', 1);
insert into castle_building values('Upg. Portal of Glory ', 'Castle', 1);

insert into castle_building values('Centaur Stables ', 'Rampart', 1);
insert into castle_building values('Upg. Centaur Stables ', 'Rampart', 1);
insert into castle_building values('Dwarf Cottage ', 'Rampart', 1);
insert into castle_building values('Upg. Dwarf Cottage ', 'Rampart', 1);
insert into castle_building values('Homestead ', 'Rampart', 1);
insert into castle_building values('Upg. Homestead ', 'Rampart', 1);
insert into castle_building values('Enchanted Spring ', 'Rampart', 1);
insert into castle_building values('Upg. Enchanted Spring ', 'Rampart', 1);
insert into castle_building values('Dendroid Arches ', 'Rampart', 1);
insert into castle_building values('Upg. Dendroid Arches ', 'Rampart', 1);
insert into castle_building values('Unicorn Glade ', 'Rampart', 1);
insert into castle_building values('Upg. Unicorn Glade ', 'Rampart', 1);
insert into castle_building values('Dragon Cliffs ', 'Rampart', 1);
insert into castle_building values('Upg. Dragon Cliffs ', 'Rampart', 1);

insert into castle_building values('Workshop ', 'Tower', 1);
insert into castle_building values('Upg. Workshop ', 'Tower', 1);
insert into castle_building values('Parapet ', 'Tower', 1);
insert into castle_building values('Upg. Parapet ', 'Tower', 1);
insert into castle_building values('Golem Factory ', 'Tower', 1);
insert into castle_building values('Upg. Golem Factory ', 'Tower', 1);
insert into castle_building values('Mage Tower ', 'Tower', 1);
insert into castle_building values('Upg. Mage Tower ', 'Tower', 1);
insert into castle_building values('Altar of Wishes ', 'Tower', 1);
insert into castle_building values('Upg. Altar of Wishes ', 'Tower', 1);
insert into castle_building values('Golden Pavilion ', 'Tower', 1);
insert into castle_building values('Upg. Golden Pavilion ', 'Tower', 1);
insert into castle_building values('Cloud Temple ', 'Tower', 1);
insert into castle_building values('Upg. Cloud Temple ', 'Tower', 1);

insert into castle_building values('Imp Crucible ', 'Inferno', 1);
insert into castle_building values('Upg. Imp Crucible ', 'Inferno', 1);
insert into castle_building values('Hall of Sins ', 'Inferno', 1);
insert into castle_building values('Upg. Hall of Sins ', 'Inferno', 1);
insert into castle_building values('Kennels ', 'Inferno', 1);
insert into castle_building values('Upg. Kennels ', 'Inferno', 1);
insert into castle_building values('Demon Gate ', 'Inferno', 1);
insert into castle_building values('Upg. Demon Gate ', 'Inferno', 1);
insert into castle_building values('Hell Hole ', 'Inferno', 1);
insert into castle_building values('Upg. Hell Hole ', 'Inferno', 1);
insert into castle_building values('Fire Lake ', 'Inferno', 1);
insert into castle_building values('Upg. Fire Lake ', 'Inferno', 1);
insert into castle_building values('Forsaken Palace ', 'Inferno', 1);
insert into castle_building values('Upg. Forsaken Palace ', 'Inferno', 1);

insert into castle_building values('Cursed Temple ', 'Necropolis', 1);
insert into castle_building values('Upg. Cursed Temple ', 'Necropolis', 1);
insert into castle_building values('Graveyard ', 'Necropolis', 1);
insert into castle_building values('Upg. Graveyard ', 'Necropolis', 1);
insert into castle_building values('Tomb of Souls ', 'Necropolis', 1);
insert into castle_building values('Upg. Tomb of Souls ', 'Necropolis', 1);
insert into castle_building values('Estate ', 'Necropolis', 1);
insert into castle_building values('Upg. Estate ', 'Necropolis', 1);
insert into castle_building values('Mausoleum ', 'Necropolis', 1);
insert into castle_building values('Upg. Mausoleum ', 'Necropolis', 1);
insert into castle_building values('Hall of Darkness ', 'Necropolis', 1);
insert into castle_building values('Upg. Hall of Darkness ', 'Necropolis', 1);
insert into castle_building values('Dragon Vault ', 'Necropolis', 1);
insert into castle_building values('Upg. Dragon Vault ', 'Necropolis', 1);

insert into castle_building values('Warren ', 'Dungeon', 1);
insert into castle_building values('Upg. Warren ', 'Dungeon', 1);
insert into castle_building values('Harpy Loft ', 'Dungeon', 1);
insert into castle_building values('Upg. Harpy Loft ', 'Dungeon', 1);
insert into castle_building values('Pillar of Eyes ', 'Dungeon', 1);
insert into castle_building values('Upg. Pillar of Eyes ', 'Dungeon', 1);
insert into castle_building values('Chapel of Stilled Voices ', 'Dungeon', 1);
insert into castle_building values('Upg. Chapel of Stilled Voices ', 'Dungeon', 1);
insert into castle_building values('Labyrinth ', 'Dungeon', 1);
insert into castle_building values('Upg. Labyrinth ', 'Dungeon', 1);
insert into castle_building values('Manticore Lair ', 'Dungeon', 1);
insert into castle_building values('Upg. Manticore Lair ', 'Dungeon', 1);
insert into castle_building values('Dragon Cave ', 'Dungeon', 1);
insert into castle_building values('Upg. Dragon Cave ', 'Dungeon', 1);

insert into castle_building values('Goblin Barracks ', 'Stronghold', 1);
insert into castle_building values('Upg. Goblin Barracks ', 'Stronghold', 1);
insert into castle_building values('Wolf Pen ', 'Stronghold', 1);
insert into castle_building values('Upg. Wolf Pen ', 'Stronghold', 1);
insert into castle_building values('Orc Tower ', 'Stronghold', 1);
insert into castle_building values('Upg. Orc Tower ', 'Stronghold', 1);
insert into castle_building values('Ogre Fort ', 'Stronghold', 1);
insert into castle_building values('Upg. Ogre Fort ', 'Stronghold', 1);
insert into castle_building values('Cliff Nest ', 'Stronghold', 1);
insert into castle_building values('Upg. Cliff Nest ', 'Stronghold', 1);
insert into castle_building values('Cyclops Cave ', 'Stronghold', 1);
insert into castle_building values('Upg. Cyclops Cave ', 'Stronghold', 1);
insert into castle_building values('Behemoth Lair ', 'Stronghold', 1);
insert into castle_building values('Upg. Behemoth Lair ', 'Stronghold', 1);

insert into castle_building values('Gnoll Hut ', 'Fortress', 1);
insert into castle_building values('Upg. Gnoll Hut ', 'Fortress', 1);
insert into castle_building values('Lizard Den ', 'Fortress', 1);
insert into castle_building values('Upg. Lizard Den ', 'Fortress', 1);
insert into castle_building values('Serpent Fly Hive ', 'Fortress', 1);
insert into castle_building values('Upg. Serpent Fly Hive ', 'Fortress', 1);
insert into castle_building values('Basilisk Pit ', 'Fortress', 1);
insert into castle_building values('Upg. Basilisk Pit ', 'Fortress', 1);
insert into castle_building values('Gorgon Lair ', 'Fortress', 1);
insert into castle_building values('Upg. Gorgon Lair ', 'Fortress', 1);
insert into castle_building values('Wyvern Nest ', 'Fortress', 1);
insert into castle_building values('Upg. Wyvern Nest ', 'Fortress', 1);
insert into castle_building values('Hydra Pond ', 'Fortress', 1);
insert into castle_building values('Upg. Hydra Pond ', 'Fortress', 1);

insert into castle_building values('Magic Lantern ', 'Conflux', 1);
insert into castle_building values('Upg. Magic Lantern ', 'Conflux', 1);
insert into castle_building values('Altar of Air ', 'Conflux', 1);
insert into castle_building values('Upg. Altar of Air ', 'Conflux', 1);
insert into castle_building values('Altar of Water ', 'Conflux', 1);
insert into castle_building values('Upg. Altar of Water ', 'Conflux', 1);
insert into castle_building values('Altar of Fire ', 'Conflux', 1);
insert into castle_building values('Upg. Altar of Fire ', 'Conflux', 1);
insert into castle_building values('Altar of Earth ', 'Conflux', 1);
insert into castle_building values('Upg. Altar of Earth ', 'Conflux', 1);
insert into castle_building values('Altar of Thought ', 'Conflux', 1);
insert into castle_building values('Upg. Altar of Thought ', 'Conflux', 1);
insert into castle_building values('Pyre ', 'Conflux', 1);
insert into castle_building values('Upg. Pyre ', 'Conflux', 1);

